,0,1,2,3
0,0,0,0,116
1,0,0,0,116
2,0,0,0,116
3,0,0,0,116
4,0,0,0,116
5,0,0,0,116
6,0,0,0,116
7,0,0,0,116
8,0,0,0,116
9,0,0,0,116
10,0,0,0,116
11,0,0,0,116
12,0,0,0,116
13,0,0,0,116
14,0,0,0,116
15,0,0,0,116
16,0,0,0,116
17,0,0,0,116
18,0,0,0,116
19,0,0,0,116
20,0,0,0,116
21,0,0,0,116
22,0,0,0,116
23,0,0,0,116
24,0,0,0,116
25,0,0,0,116
26,0,0,0,116
27,0,0,0,116
28,0,0,0,116
29,0,0,0,116
30,0,0,0,116
31,0,0,0,116
32,0,0,0,116
33,0,0,0,116
34,0,0,0,116
35,0,0,0,116
36,0,0,0,116
37,0,0,0,116
38,0,0,0,116
39,0,0,0,116
40,0,0,0,116
41,0,0,0,116
42,0,0,0,116
43,0,0,0,116
44,0,0,0,116
45,0,0,0,116
46,0,0,0,116
47,0,0,0,116
48,0,0,0,116
49,0,0,0,116
50,0,0,0,116
51,0,0,0,116
52,0,0,0,116
53,0,0,0,116
54,0,0,0,116
55,0,0,0,116
56,0,0,0,116
57,0,0,0,116
58,0,0,0,116
59,0,0,0,116
60,0,0,0,116
61,0,0,0,116
62,0,0,0,116
63,0,0,0,116
64,0,0,0,116
65,0,0,0,116
66,0,0,0,116
67,0,0,0,116
68,0,0,0,116
69,0,0,0,116
70,0,0,0,116
71,0,0,0,116
72,0,0,0,116
73,0,0,0,116
74,0,0,0,116
75,0,0,0,116
76,0,0,0,116
77,0,0,0,116
78,0,0,0,116
79,0,0,0,116
80,0,0,0,116
81,0,0,0,116
82,0,0,0,116
83,0,0,0,116
84,0,0,0,116
85,0,0,0,116
86,0,0,0,116
87,0,0,0,116
88,0,0,0,116
89,0,0,0,116
90,0,0,0,116
91,0,0,0,116
92,0,0,0,116
93,0,0,0,116
94,0,0,0,116
95,0,0,0,116
96,0,0,0,116
97,0,0,0,116
98,0,0,0,116
99,0,0,0,116
100,0,0,0,116
101,0,0,0,116
102,0,0,0,116
103,0,0,0,116
104,0,0,0,116
105,0,0,0,116
106,0,0,0,116
107,0,0,0,116
108,0,0,0,116
109,0,0,0,116
110,0,0,0,116
111,0,0,0,116
112,0,0,0,116
113,0,0,0,116
114,0,0,0,116
115,0,0,0,116
116,0,0,0,116
117,0,0,0,116
118,0,0,0,116
119,0,0,0,116
120,0,0,0,116
121,0,0,0,116
122,0,0,0,116
123,0,0,0,116
124,0,0,0,116
125,0,0,0,116
126,0,0,0,116
127,0,0,0,116
128,0,0,0,116
129,0,0,0,116
130,0,0,0,116
131,0,0,0,116
132,0,0,0,116
133,0,0,0,116
134,0,0,0,116
135,0,0,0,116
136,0,0,0,116
137,0,0,0,116
138,0,0,0,116
139,0,0,0,116
140,0,0,0,116
141,0,0,0,116
142,0,0,0,116
143,0,0,0,116
144,0,0,0,116
145,0,0,0,116
146,0,0,0,116
147,0,0,0,116
148,0,0,0,116
149,0,0,0,116
150,0,0,0,116
151,0,0,0,116
152,0,0,0,116
153,0,0,0,116
154,0,0,0,116
155,0,0,0,116
156,0,0,0,116
157,0,0,0,116
158,0,0,0,116
159,0,0,0,116
160,0,0,0,116
161,0,0,0,116
162,0,0,0,116
163,0,0,0,116
164,0,0,0,116
165,0,0,0,116
166,0,0,0,116
167,0,0,0,116
168,0,0,0,116
169,0,0,0,116
170,0,0,0,116
171,0,0,0,116
172,0,0,0,116
173,0,0,0,116
174,0,0,0,116
175,0,0,0,116
176,0,0,0,116
177,0,0,0,116
178,0,0,0,116
179,0,0,0,116
180,0,0,0,116
181,0,0,0,116
182,0,0,0,116
183,0,0,0,116
184,0,0,0,116
185,0,0,0,116
186,0,0,0,116
187,0,0,0,116
188,0,0,0,116
189,0,0,0,116
190,0,0,0,116
191,0,0,0,116
192,0,0,0,116
193,0,0,0,116
194,0,0,0,116
195,0,0,0,116
196,0,0,0,116
197,0,0,0,116
198,0,0,0,116
199,0,0,0,116
200,0,0,0,116
201,0,0,0,116
202,0,0,0,116
203,0,0,0,116
204,0,0,0,116
205,0,0,0,116
206,0,0,0,116
207,0,0,0,116
208,0,0,0,116
209,0,0,0,116
210,0,0,0,116
211,0,0,0,116
212,0,0,0,116
213,0,0,0,116
214,0,0,0,116
215,0,0,0,116
216,0,0,0,116
217,0,0,0,116
218,0,0,0,116
219,0,0,0,116
220,0,0,0,116
221,0,0,0,116
222,0,0,0,116
223,0,0,0,116
224,0,0,0,116
225,0,0,0,116
226,0,0,0,116
227,0,0,0,116
228,0,0,0,116
229,0,0,0,116
230,0,0,0,116
231,0,0,0,116
232,0,0,0,116
233,0,0,0,116
234,0,0,0,116
235,0,0,0,116
236,0,0,0,116
237,0,0,0,116
238,0,0,0,116
239,0,0,0,116
240,0,0,0,116
241,0,0,0,116
242,0,0,0,116
243,0,0,0,116
244,0,0,0,116
245,0,0,0,116
246,0,0,0,116
247,0,0,0,116
248,0,0,0,116
249,0,0,0,116
250,0,0,0,116
251,0,0,0,116
252,0,0,0,116
253,0,0,0,116
254,0,0,0,116
255,0,0,0,116
256,0,0,0,116
257,0,0,0,116
258,0,0,0,116
259,0,0,0,116
260,0,0,0,116
261,0,0,0,116
262,0,0,0,116
263,0,0,0,116
264,0,0,0,116
265,0,0,0,116
266,0,0,0,116
267,0,0,0,116
268,0,0,0,116
269,0,0,0,116
270,0,0,0,116
271,0,0,0,116
272,0,0,0,116
273,0,0,0,116
274,0,0,0,116
275,0,0,0,116
276,0,0,0,116
277,0,0,0,116
278,0,0,0,116
279,0,0,0,116
280,0,0,0,116
281,0,0,0,116
282,0,0,0,116
283,0,0,0,116
284,0,0,0,116
285,0,0,0,116
286,0,0,0,116
287,0,0,0,116
288,0,0,0,116
289,0,0,0,116
290,0,0,0,116
291,0,0,0,116
292,0,0,0,116
293,0,0,0,116
294,1,0,0,116
295,0,0,0,116
296,0,0,0,116
297,0,0,0,116
298,0,0,0,116
299,0,0,0,116
300,0,0,0,116
301,0,0,0,116
302,0,0,0,116
303,0,0,0,116
304,0,0,0,116
305,0,0,0,116
306,0,0,0,116
307,0,0,0,116
308,0,0,0,116
309,0,0,0,116
310,0,0,0,116
311,0,0,0,116
312,0,0,0,116
313,0,0,0,116
314,0,0,0,116
315,0,0,0,116
316,0,0,0,116
317,0,0,0,116
318,0,0,0,116
319,0,0,0,116
320,0,0,0,116
321,0,0,0,116
322,0,0,0,116
323,0,0,0,116
324,0,0,0,116
325,0,0,0,116
326,0,0,0,116
327,0,0,0,116
328,0,0,0,116
329,0,0,0,116
330,0,0,0,116
331,0,0,0,116
332,0,0,0,116
333,0,0,0,116
334,0,0,0,116
335,0,0,0,116
336,0,0,0,116
337,0,0,0,116
338,0,0,0,116
339,0,0,0,116
340,0,0,0,116
341,0,0,0,116
342,0,0,0,116
343,0,0,0,116
344,0,0,0,116
345,0,0,0,116
346,0,0,0,116
347,0,0,0,116
348,0,0,0,116
349,0,0,0,116
350,0,0,0,116
351,0,0,0,116
352,0,0,0,116
353,0,0,0,116
354,0,0,0,116
355,0,0,0,116
356,0,0,0,116
357,0,0,0,116
358,0,0,0,116
359,0,0,0,116
360,0,0,0,116
361,0,0,0,116
362,0,0,0,116
363,0,0,0,116
364,0,0,0,116
365,0,0,0,116
366,0,0,0,116
367,0,0,0,116
368,0,0,0,116
369,0,0,0,116
370,0,0,0,116
371,0,0,0,116
372,0,0,0,116
373,0,0,0,116
374,0,0,0,116
375,0,0,0,116
376,0,0,0,116
377,0,0,0,116
378,0,0,0,116
379,0,0,0,116
380,0,0,0,116
381,0,0,0,116
382,0,0,0,116
383,0,0,0,116
384,0,0,0,116
385,0,0,0,116
386,0,0,0,116
387,0,0,0,116
388,0,0,0,116
389,0,0,0,116
390,0,0,0,116
391,0,0,0,116
392,0,0,0,116
393,0,0,0,116
394,0,0,0,116
395,0,0,0,116
396,0,0,0,116
397,0,0,0,116
398,0,0,0,116
399,0,0,0,116
400,0,0,0,116
401,0,0,0,116
402,0,0,0,116
403,0,0,0,116
404,0,0,0,116
405,0,0,0,116
406,0,0,0,116
407,0,0,0,116
408,0,0,0,116
409,0,0,0,116
410,0,0,0,116
411,0,0,0,116
412,0,0,0,116
413,0,0,0,116
414,0,0,0,116
415,0,0,0,116
416,0,0,0,116
417,0,0,0,116
418,0,0,0,116
419,0,0,0,116
420,0,0,0,116
421,0,0,0,116
422,0,0,0,116
423,0,0,0,116
424,0,0,0,116
425,0,0,0,116
426,0,0,0,116
427,0,0,0,116
428,0,0,0,116
429,0,0,0,116
430,0,0,0,116
431,0,0,0,116
432,0,0,0,116
433,0,0,0,116
434,0,0,0,116
435,0,0,0,116
436,0,0,0,116
437,0,0,0,116
438,0,0,0,116
439,0,0,0,116
440,0,0,0,116
441,0,0,0,116
442,0,0,0,116
443,0,0,0,116
444,0,0,0,116
445,0,0,0,116
446,0,0,0,116
447,0,0,0,116
448,0,0,0,116
449,0,0,0,116
450,0,0,0,116
451,0,0,0,116
452,0,0,0,116
453,0,0,0,116
454,0,0,0,116
455,0,0,0,116
456,0,0,0,116
457,0,0,0,116
458,0,0,0,116
459,0,0,0,116
460,0,0,0,116
461,0,0,0,116
462,0,0,0,116
463,0,0,0,116
464,0,0,0,116
465,0,0,0,116
466,0,0,0,116
467,0,0,0,116
468,0,0,0,116
469,0,0,0,116
470,0,0,0,116
471,0,0,0,116
472,0,0,0,116
473,0,0,0,116
474,0,0,0,116
475,0,0,0,116
476,0,0,0,116
477,0,0,0,116
478,0,0,0,116
479,0,0,0,116
480,0,0,0,116
481,0,0,0,116
482,0,0,0,116
483,0,0,0,116
484,0,0,0,116
485,0,0,0,116
486,0,0,0,116
487,40,0,0,116
488,40,0,0,116
489,40,0,0,116
490,40,0,0,116
491,40,0,0,117
492,40,0,0,117
493,40,0,0,117
494,40,27,0,118
495,40,27,0,118
496,40,27,0,118
497,40,40,0,119
498,40,40,0,119
499,40,51,0,120
500,40,57,0,121
501,40,57,0,121
502,40,61,0,122
503,40,68,0,123
504,40,68,0,123
505,40,71,0,124
506,40,74,0,125
507,40,80,0,126
508,40,80,0,126
509,40,82,0,127
510,40,83,0,128
511,40,88,0,129
512,40,88,0,129
513,40,88,0,129
514,40,95,0,132
515,40,96,0,133
516,40,96,0,134
517,40,101,0,135
518,40,101,0,136
519,40,101,0,137
520,40,106,0,138
521,40,106,0,139
522,40,105,0,140
523,40,110,0,141
524,40,110,0,142
525,40,109,0,143
526,40,114,0,144
527,40,112,0,146
528,40,117,0,147
529,40,116,0,148
530,40,115,0,149
531,40,120,0,150
532,40,119,0,151
533,40,122,0,153
534,40,122,0,154
535,40,120,0,155
536,40,125,0,156
537,40,122,0,158
538,40,127,0,159
539,40,126,0,160
540,40,124,0,161
541,40,128,0,163
542,40,126,0,164
543,40,131,0,165
544,40,128,0,167
545,40,132,0,168
546,40,131,0,169
547,40,129,0,170
548,40,132,0,172
549,40,130,0,173
550,40,135,0,174
551,40,131,0,176
552,40,136,0,177
553,40,133,0,179
554,40,137,0,180
555,40,136,0,181
556,40,138,0,183
557,40,137,0,184
558,40,135,0,185
559,40,138,0,187
560,40,136,0,188
561,40,139,0,190
562,40,136,0,191
563,40,141,0,192
564,40,137,0,194
565,40,142,0,195
566,40,138,0,197
567,40,143,0,198
568,40,141,0,199
569,40,143,0,201
570,40,142,0,202
571,40,144,0,204
572,40,142,0,205
573,40,145,0,207
574,40,143,0,208
575,40,141,0,209
576,40,143,0,211
577,40,141,0,212
578,40,144,0,214
579,40,141,0,215
580,40,144,0,217
581,40,142,0,218
582,40,146,0,219
583,40,142,0,221
584,40,147,0,222
585,40,143,0,224
586,40,147,0,225
587,40,143,0,227
588,40,147,0,228
589,40,143,0,230
590,40,148,0,231
591,40,143,0,233
592,40,148,0,234
593,40,144,0,236
594,40,148,0,237
595,40,147,0,238
596,40,149,0,240
597,40,147,0,241
598,40,149,0,243
599,40,147,0,244
600,40,149,0,246
601,40,147,0,247
602,40,149,0,249
603,40,148,0,250
604,40,149,0,252
605,40,148,0,253
606,40,150,0,255
607,40,148,0,256
608,40,150,0,258
609,40,148,0,259
610,40,150,0,261
611,40,148,0,262
612,40,150,0,264
613,40,148,0,265
614,40,150,0,267
615,40,149,0,268
616,40,151,0,270
617,40,149,0,271
618,40,151,0,273
619,40,149,0,274
620,40,151,0,276
621,40,149,0,277
622,40,151,0,279
623,40,149,0,280
624,40,151,0,282
625,40,149,0,283
626,40,151,0,285
627,40,149,0,286
628,40,151,0,288
629,40,149,0,289
630,40,151,0,291
631,40,149,0,292
632,40,151,0,294
633,40,149,0,295
634,40,147,0,296
635,40,149,0,298
636,40,147,0,299
637,40,149,0,301
638,40,147,0,302
639,40,150,0,304
640,40,147,0,305
641,40,150,0,307
642,40,147,0,308
643,40,150,0,310
644,40,147,0,311
645,40,149,0,313
646,40,147,0,314
647,40,150,0,316
648,40,147,0,317
649,40,150,0,319
650,40,147,0,320
651,40,150,0,322
652,40,147,0,323
653,40,150,0,325
654,40,152,0,327
655,40,150,0,328
656,40,152,0,330
657,40,150,0,331
658,40,152,0,333
659,40,150,0,334
660,40,152,0,336
661,40,150,0,337
662,40,152,0,339
663,40,150,0,340
664,40,152,0,342
665,40,150,0,343
666,40,152,0,345
667,40,152,0,345
668,40,152,0,348
669,40,150,0,349
670,40,152,0,351
671,40,150,0,352
672,40,152,0,354
673,40,150,0,355
674,40,152,0,357
675,40,151,0,358
676,40,152,0,360
677,40,150,0,361
678,40,152,0,363
679,40,150,0,364
680,40,152,0,366
681,40,151,0,367
682,40,153,0,369
683,40,150,0,370
684,40,152,0,372
685,40,150,0,373
686,40,152,0,375
687,0,151,0,376
688,0,151,0,378
689,0,148,0,379
690,0,145,0,381
691,0,142,0,382
692,0,137,0,383
693,0,136,0,385
694,0,132,0,386
695,0,134,0,387
696,0,126,0,389
697,0,128,0,390
698,0,124,0,391
699,0,119,0,392
700,0,117,0,394
701,0,113,0,395
702,0,114,0,396
703,0,110,0,397
704,0,106,0,398
705,0,107,0,399
706,0,103,0,400
707,0,99,0,401
708,0,99,0,402
709,0,96,0,403
710,0,91,0,404
711,0,91,0,405
712,0,87,0,406
713,0,83,0,407
714,0,83,0,407
715,0,82,0,408
716,0,78,0,409
717,0,74,0,410
718,0,74,0,410
719,0,73,0,411
720,0,68,0,412
721,0,68,0,412
722,0,63,0,413
723,0,62,0,414
724,0,62,0,414
725,0,57,0,415
726,0,57,0,415
727,0,52,0,416
728,0,52,0,416
729,0,48,0,417
730,0,48,0,417
731,0,43,0,418
732,0,43,0,418
733,0,43,0,418
734,0,36,0,419
735,0,36,0,419
736,0,36,0,419
737,0,30,0,420
738,0,30,0,420
739,0,30,0,420
740,0,30,0,420
741,0,30,0,420
742,0,21,0,421
743,0,21,0,421
744,0,21,0,421
745,0,21,0,421
746,0,21,0,421
747,0,21,0,421
748,0,21,0,421
749,0,21,0,421
750,0,21,0,421
751,0,21,0,421
752,0,21,0,421
753,0,0,0,421
754,0,0,0,421
755,0,0,0,421
756,0,0,0,421
757,0,0,0,421
758,0,0,0,421
759,0,0,0,421
760,0,0,0,421
761,0,0,0,421
762,0,0,0,421
763,0,0,0,421
764,0,0,0,421
765,0,0,0,421
766,0,0,0,421
767,0,0,0,421
768,0,0,0,421
769,0,0,0,421
770,0,0,0,421
771,0,0,0,421
772,0,0,0,421
773,0,0,0,421
774,0,0,0,421
775,0,0,0,421
776,0,0,0,421
777,0,0,0,421
778,0,0,0,421
779,0,0,0,421
780,0,0,0,421
781,0,0,0,421
782,0,0,0,421
783,0,0,0,421
784,0,0,0,421
785,0,0,0,421
786,0,0,0,421
787,0,0,0,421
788,0,0,0,421
789,0,0,0,421
790,0,0,0,421
791,0,0,0,421
792,0,0,0,421
793,0,0,0,421
794,0,0,0,421
795,0,0,0,421
796,0,0,0,421
797,0,0,0,421
798,0,0,0,421
799,0,0,0,421
800,0,0,0,421
801,0,0,0,421
802,0,0,0,421
803,0,0,0,421
804,0,0,0,421
805,0,0,0,421
806,0,0,0,421
807,0,0,0,421
808,0,0,0,421
809,0,0,0,421
810,0,0,0,421
811,0,0,0,421
812,0,0,0,421
813,0,0,0,421
814,0,0,0,421
815,0,0,0,421
816,0,0,0,421
817,0,0,0,421
818,0,0,0,421
819,0,0,0,421
820,0,0,0,421
821,0,0,0,421
822,0,0,0,421
823,0,0,0,421
824,0,0,0,421
825,0,0,0,421
826,0,0,0,421
827,0,0,0,421
828,0,0,0,421
829,0,0,0,421
830,0,0,0,421
831,0,0,0,421
832,0,0,0,421
833,0,0,0,421
834,0,0,0,421
835,0,0,0,421
836,0,0,0,421
837,0,0,0,421
838,0,0,0,421
839,0,0,0,421
840,0,0,0,421
841,0,0,0,421
842,0,0,0,421
843,0,0,0,421
844,0,0,0,421
845,0,0,0,421
846,0,0,0,421
847,0,0,0,421
848,0,0,0,421
849,0,0,0,421
850,0,0,0,421
851,0,0,0,421
852,0,0,0,421
853,0,0,0,421
854,0,0,0,421
855,0,0,0,421
856,0,0,0,421
857,0,0,0,421
858,0,0,0,421
859,0,0,0,421
860,0,0,0,421
861,0,0,0,421
862,0,0,0,421
863,0,0,0,421
864,0,0,0,421
865,0,0,0,421
866,0,0,0,421
867,0,0,0,421
868,0,0,0,421
869,0,0,0,421
870,0,0,0,421
871,0,0,0,421
872,0,0,0,421
873,0,0,0,421
874,0,0,0,421
875,0,0,0,421
876,0,0,0,421
877,0,0,0,421
878,0,0,0,421
879,0,0,0,421
880,0,0,0,421
881,0,0,0,421
882,0,0,0,421
883,0,0,0,421
884,0,0,0,421
885,0,0,0,421
886,0,0,0,421
887,30,0,0,421
888,30,0,0,421
889,30,0,0,421
890,30,0,0,421
891,30,0,0,421
892,30,0,0,421
893,30,4,0,422
894,30,0,0,422
895,30,0,0,422
896,30,0,0,422
897,30,22,0,423
898,30,22,0,423
899,30,22,0,423
900,30,22,0,423
901,30,30,0,424
902,30,30,0,424
903,30,35,0,425
904,30,35,0,425
905,30,35,0,425
906,30,41,0,426
907,30,41,0,426
908,30,44,0,427
909,30,44,0,427
910,30,47,0,428
911,30,47,0,428
912,30,51,0,429
913,30,51,0,429
914,30,53,0,430
915,30,53,0,430
916,30,55,0,431
917,30,59,0,432
918,30,59,0,432
919,30,60,0,433
920,30,60,0,433
921,30,60,0,434
922,30,64,0,435
923,30,64,0,435
924,30,65,0,436
925,30,65,0,437
926,30,65,0,437
927,30,68,0,438
928,30,69,0,439
929,30,69,0,439
930,30,69,0,440
931,30,72,0,441
932,30,72,0,442
933,30,72,0,442
934,30,72,0,443
935,30,75,0,444
936,30,75,0,445
937,30,75,0,445
938,30,74,0,446
939,30,78,0,447
940,30,77,0,448
941,30,77,0,448
942,30,77,0,449
943,30,80,0,450
944,30,80,0,451
945,30,79,0,452
946,30,79,0,452
947,30,82,0,453
948,30,82,0,454
949,30,81,0,455
950,30,84,0,456
951,30,83,0,457
952,30,83,0,457
953,30,82,0,458
954,30,85,0,459
955,30,85,0,460
956,30,84,0,461
957,30,87,0,462
958,30,86,0,463
959,30,86,0,463
960,30,85,0,464
961,30,88,0,465
962,30,87,0,466
963,30,86,0,467
964,30,89,0,468
965,30,88,0,469
966,30,87,0,470
967,30,87,0,470
968,30,87,0,470
969,30,89,0,472
970,30,88,0,473
971,30,91,0,474
972,30,91,0,474
973,30,88,0,476
974,30,92,0,477
975,30,91,0,478
976,30,89,0,479
977,30,92,0,480
978,30,92,0,480
979,30,91,0,481
980,30,91,0,481
981,30,93,0,483
982,30,92,0,484
983,30,91,0,485
984,30,94,0,486
985,30,93,0,487
986,30,91,0,488
987,30,94,0,489
988,30,93,0,490
989,30,92,0,491
990,30,95,0,492
991,30,94,0,493
992,30,94,0,493
993,30,92,0,494
994,30,95,0,495
995,30,94,0,496
996,30,93,0,497
997,30,96,0,498
998,30,95,0,499
999,30,93,0,500
1000,30,96,0,501
1001,30,95,0,502
1002,30,93,0,503
1003,30,96,0,504
1004,30,95,0,505
1005,30,94,0,506
1006,30,97,0,507
1007,30,96,0,508
1008,30,94,0,509
1009,30,97,0,510
1010,30,96,0,511
1011,30,94,0,512
1012,30,97,0,513
1013,30,96,0,514
1014,30,94,0,515
1015,30,98,0,516
1016,30,98,0,516
1017,30,96,0,517
1018,30,95,0,518
1019,30,98,0,519
1020,30,97,0,520
1021,30,95,0,521
1022,30,98,0,522
1023,30,97,0,523
1024,30,95,0,524
1025,30,98,0,525
1026,30,97,0,526
1027,30,95,0,527
1028,30,98,0,528
1029,30,97,0,529
1030,30,95,0,530
1031,30,99,0,531
1032,30,97,0,532
1033,30,96,0,533
1034,30,99,0,534
1035,30,98,0,535
1036,30,96,0,536
1037,30,99,0,537
1038,30,98,0,538
1039,30,96,0,539
1040,30,99,0,540
1041,30,98,0,541
1042,30,96,0,542
1043,30,99,0,543
1044,30,98,0,544
1045,30,96,0,545
1046,30,99,0,546
1047,30,98,0,547
1048,30,96,0,548
1049,30,99,0,549
1050,30,98,0,550
1051,30,96,0,551
1052,30,99,0,552
1053,30,98,0,553
1054,30,96,0,554
1055,30,100,0,555
1056,30,98,0,556
1057,30,96,0,557
1058,30,99,0,558
1059,30,98,0,559
1060,30,96,0,560
1061,30,100,0,561
1062,30,98,0,562
1063,30,97,0,563
1064,30,100,0,564
1065,30,99,0,565
1066,30,97,0,566
1067,30,100,0,567
1068,30,99,0,568
1069,30,99,0,568
1070,30,97,0,569
1071,30,100,0,570
1072,30,99,0,571
1073,30,97,0,572
1074,30,100,0,573
1075,30,99,0,574
1076,30,97,0,575
1077,30,100,0,576
1078,30,99,0,577
1079,30,97,0,578
1080,30,100,0,579
1081,30,99,0,580
1082,30,97,0,581
1083,30,100,0,582
1084,30,99,0,583
1085,30,97,0,584
1086,30,100,0,585
1087,95,99,0,586
1088,95,97,0,587
1089,95,128,0,589
1090,95,140,0,590
1091,95,163,0,592
1092,95,179,0,594
1093,95,182,0,595
1094,95,193,0,597
1095,95,193,0,599
1096,95,202,0,601
1097,95,209,0,604
1098,95,215,0,606
1099,95,211,0,608
1100,95,217,0,610
1101,95,222,0,612
1102,95,217,0,614
1103,95,220,0,617
1104,95,226,0,619
1105,95,230,0,621
1106,95,224,0,623
1107,95,226,0,626
1108,95,232,0,628
1109,95,235,0,630
1110,95,236,0,633
1111,95,229,0,635
1112,95,235,0,637
1113,95,235,0,640
1114,95,239,0,642
1115,95,240,0,645
1116,95,232,0,647
1117,95,238,0,649
1118,95,238,0,652
1119,95,242,0,654
1120,95,234,0,656
1121,95,235,0,659
1122,95,239,0,661
1123,95,240,0,664
1124,95,243,0,666
1125,95,236,0,668
1126,95,236,0,671
1127,95,240,0,673
1128,95,241,0,676
1129,95,244,0,678
1130,95,236,0,680
1131,95,237,0,683
1132,95,242,0,685
1133,95,242,0,688
1134,95,245,0,690
1135,95,245,0,693
1136,95,237,0,695
1137,95,242,0,697
1138,95,242,0,700
1139,95,245,0,702
1140,95,245,0,705
1141,95,237,0,707
1142,95,242,0,709
1143,95,242,0,712
1144,95,245,0,714
1145,95,245,0,717
1146,95,237,0,719
1147,95,238,0,722
1148,95,242,0,724
1149,95,245,0,726
1150,95,245,0,729
1151,95,238,0,731
1152,95,238,0,734
1153,95,242,0,736
1154,95,242,0,739
1155,95,245,0,741
1156,95,238,0,743
1157,95,238,0,746
1158,95,242,0,748
1159,95,242,0,751
1160,95,245,0,753
1161,95,245,0,756
1162,95,238,0,758
1163,95,242,0,760
1164,95,242,0,763
1165,95,245,0,765
1166,95,246,0,768
1167,95,238,0,770
1168,95,238,0,773
1169,95,242,0,775
1170,95,245,0,777
1171,95,246,0,780
1172,95,238,0,782
1173,95,238,0,785
1174,95,242,0,787
1175,95,242,0,790
1176,95,246,0,792
1177,95,238,0,794
1178,95,238,0,797
1179,95,243,0,799
1180,95,242,0,802
1181,95,246,0,804
1182,95,246,0,807
1183,95,238,0,809
1184,95,243,0,811
1185,95,243,0,814
1186,95,246,0,816
1187,95,246,0,819
1188,95,238,0,821
1189,95,242,0,823
1190,95,242,0,826
1191,95,246,0,828
1192,95,246,0,831
1193,95,238,0,833
1194,95,238,0,836
1195,95,242,0,838
1196,95,242,0,841
1197,95,245,0,843
1198,95,237,0,845
1199,95,238,0,848
1200,95,243,0,850
1201,95,243,0,853
1202,95,245,0,855
1203,95,238,0,857
1204,95,238,0,860
1205,95,243,0,862
1206,95,243,0,865
1207,95,246,0,867
1208,95,246,0,870
1209,95,238,0,872
1210,95,242,0,874
1211,95,242,0,877
1212,95,245,0,879
1213,95,245,0,882
1214,95,238,0,884
1215,95,238,0,887
1216,95,242,0,889
1217,95,246,0,891
1218,95,245,0,894
1219,95,238,0,896
1220,95,238,0,899
1221,95,242,0,901
1222,95,242,0,904
1223,95,245,0,906
1224,95,238,0,908
1225,95,238,0,911
1226,95,242,0,913
1227,95,242,0,916
1228,95,246,0,918
1229,95,246,0,921
1230,95,238,0,923
1231,95,242,0,925
1232,95,242,0,928
1233,95,245,0,930
1234,95,245,0,933
1235,95,238,0,935
1236,95,238,0,938
1237,95,242,0,940
1238,95,246,0,942
1239,95,245,0,945
1240,95,238,0,947
1241,95,238,0,950
1242,95,242,0,952
1243,95,242,0,955
1244,95,246,0,957
1245,95,238,0,959
1246,95,238,0,962
1247,95,243,0,964
1248,95,242,0,967
1249,95,246,0,969
1250,95,238,0,971
1251,95,238,0,974
1252,95,242,0,976
1253,95,242,0,979
1254,95,246,0,981
1255,95,246,0,984
1256,95,238,0,986
1257,95,243,0,988
1258,95,242,0,991
1259,95,246,0,993
1260,95,245,0,996
1261,95,238,0,998
1262,95,238,0,1001
1263,95,242,0,1003
1264,95,245,0,1005
1265,95,246,0,1008
1266,95,238,0,1010
1267,95,238,0,1013
1268,95,243,0,1015
1269,95,242,0,1018
1270,95,245,0,1020
1271,95,238,0,1022
1272,95,238,0,1025
1273,95,242,0,1027
1274,95,242,0,1030
1275,95,246,0,1032
1276,95,246,0,1035
1277,95,238,0,1037
1278,95,242,0,1039
1279,95,242,0,1042
1280,95,245,0,1044
1281,95,246,0,1047
1282,95,238,0,1049
1283,95,238,0,1052
1284,95,243,0,1054
1285,95,245,0,1056
1286,95,245,0,1059
1287,40,238,0,1061
1288,40,236,0,1064
1289,40,239,0,1066
1290,40,240,0,1068
1291,40,237,0,1071
1292,40,228,0,1073
1293,40,231,0,1075
1294,40,228,0,1078
1295,40,229,0,1080
1296,40,220,0,1082
1297,40,223,0,1084
1298,40,220,0,1087
1299,40,222,0,1089
1300,40,213,0,1091
1301,40,215,0,1093
1302,40,216,0,1095
1303,40,209,0,1097
1304,40,206,0,1100
1305,40,209,0,1102
1306,40,210,0,1104
1307,40,202,0,1106
1308,40,204,0,1108
1309,40,205,0,1110
1310,40,198,0,1112
1311,40,198,0,1112
1312,40,202,0,1116
1313,40,194,0,1118
1314,40,196,0,1120
1315,40,198,0,1122
1316,40,190,0,1124
1317,40,193,0,1126
1318,40,194,0,1128
1319,40,191,0,1129
1320,40,192,0,1131
1321,40,185,0,1133
1322,40,187,0,1135
1323,40,189,0,1137
1324,40,182,0,1139
1325,40,184,0,1141
1326,40,186,0,1143
1327,40,183,0,1144
1328,40,184,0,1146
1329,40,177,0,1148
1330,40,180,0,1150
1331,40,181,0,1152
1332,40,178,0,1153
1333,40,180,0,1155
1334,40,174,0,1157
1335,40,176,0,1159
1336,40,172,0,1160
1337,40,175,0,1162
1338,40,176,0,1164
1339,40,170,0,1166
1340,40,175,0,1167
1341,40,169,0,1169
1342,40,171,0,1171
1343,40,173,0,1173
1344,40,171,0,1174
1345,40,172,0,1176
1346,40,166,0,1178
1347,40,171,0,1179
1348,40,165,0,1181
1349,40,168,0,1183
1350,40,165,0,1184
1351,40,167,0,1186
1352,40,169,0,1188
1353,40,166,0,1189
1354,40,168,0,1191
1355,40,162,0,1193
1356,40,167,0,1194
1357,40,161,0,1196
1358,40,164,0,1198
1359,40,161,0,1199
1360,40,163,0,1201
1361,40,165,0,1203
1362,40,163,0,1204
1363,40,164,0,1206
1364,40,162,0,1207
1365,40,163,0,1209
1366,40,158,0,1211
1367,40,163,0,1212
1368,40,157,0,1214
1369,40,160,0,1216
1370,40,157,0,1217
1371,40,160,0,1219
1372,40,156,0,1220
1373,40,159,0,1222
1374,40,156,0,1223
1375,40,159,0,1225
1376,40,161,0,1227
1377,40,158,0,1228
1378,40,160,0,1230
1379,40,158,0,1231
1380,40,160,0,1233
1381,40,155,0,1235
1382,40,159,0,1236
1383,40,154,0,1238
1384,40,159,0,1239
1385,40,154,0,1241
1386,40,159,0,1242
1387,40,154,0,1244
1388,40,156,0,1246
1389,40,153,0,1247
1390,40,156,0,1249
1391,40,153,0,1250
1392,40,156,0,1252
1393,40,153,0,1253
1394,40,156,0,1255
1395,40,157,0,1257
1396,40,155,0,1258
1397,40,157,0,1260
1398,40,155,0,1261
1399,40,157,0,1263
1400,40,155,0,1264
1401,40,157,0,1266
1402,40,155,0,1267
1403,40,156,0,1269
1404,40,154,0,1270
1405,40,156,0,1272
1406,40,151,0,1274
1407,40,156,0,1275
1408,40,151,0,1277
1409,40,156,0,1278
1410,40,151,0,1280
1411,40,156,0,1281
1412,40,151,0,1283
1413,40,156,0,1284
1414,40,151,0,1286
1415,40,155,0,1287
1416,40,150,0,1289
1417,40,155,0,1290
1418,40,150,0,1292
1419,40,153,0,1294
1420,40,150,0,1295
1421,40,153,0,1297
1422,40,150,0,1298
1423,40,153,0,1300
1424,40,150,0,1301
1425,40,153,0,1303
1426,40,150,0,1304
1427,40,153,0,1306
1428,40,150,0,1307
1429,40,152,0,1309
1430,40,150,0,1310
1431,40,152,0,1312
1432,40,150,0,1313
1433,40,152,0,1315
1434,40,150,0,1316
1435,40,152,0,1318
1436,40,154,0,1320
1437,40,152,0,1321
1438,40,154,0,1323
1439,40,152,0,1324
1440,40,154,0,1326
1441,40,152,0,1327
1442,40,154,0,1329
1443,40,152,0,1330
1444,40,154,0,1332
1445,40,152,0,1333
1446,40,154,0,1335
1447,40,152,0,1336
1448,40,154,0,1338
1449,40,152,0,1339
1450,40,154,0,1341
1451,40,152,0,1342
1452,40,154,0,1344
1453,40,152,0,1345
1454,40,154,0,1347
1455,40,152,0,1348
1456,40,154,0,1350
1457,40,149,0,1352
1458,40,153,0,1353
1459,40,149,0,1355
1460,40,154,0,1356
1461,40,149,0,1358
1462,40,153,0,1359
1463,40,149,0,1361
1464,40,153,0,1362
1465,40,149,0,1364
1466,40,153,0,1365
1467,40,149,0,1367
1468,40,154,0,1368
1469,40,154,0,1368
1470,40,153,0,1371
1471,40,149,0,1373
1472,40,153,0,1374
1473,40,149,0,1376
1474,40,153,0,1377
1475,40,149,0,1379
1476,40,153,0,1380
1477,40,149,0,1382
1478,40,153,0,1383
1479,40,148,0,1385
1480,40,153,0,1386
1481,40,149,0,1388
1482,40,153,0,1389
1483,40,148,0,1391
1484,40,153,0,1392
1485,40,148,0,1394
1486,40,151,0,1396
1487,-30,149,0,1397
1488,-30,152,0,1398
1489,-30,131,0,1400
1490,-30,126,0,1401
1491,-30,115,0,1402
1492,-30,103,0,1403
1493,-30,95,0,1404
1494,-30,83,0,1405
1495,-30,83,0,1405
1496,-30,69,0,1406
1497,-30,56,0,1407
1498,-30,56,0,1407
1499,-30,56,0,1407
1500,-30,37,0,1408
1501,-30,37,0,1408
1502,-30,37,0,1408
1503,-30,37,0,1408
1504,-30,37,0,1408
1505,-30,-18,0,1407
1506,-30,-18,0,1407
1507,-30,-18,0,1407
1508,-30,-18,0,1407
1509,-30,-18,0,1407
1510,-30,-18,0,1407
1511,-30,-18,0,1407
1512,-30,-16,0,1406
1513,-30,-16,0,1406
1514,-30,-16,0,1406
1515,-30,-26,0,1405
1516,-30,-26,0,1405
1517,-30,-26,0,1405
1518,-30,-33,0,1404
1519,-30,-33,0,1404
1520,-30,-33,0,1404
1521,-30,-38,0,1403
1522,-30,-38,0,1403
1523,-30,-41,0,1402
1524,-30,-41,0,1402
1525,-30,-45,0,1401
1526,-30,-45,0,1401
1527,-30,-45,0,1401
1528,-30,-48,0,1400
1529,-30,-50,0,1399
1530,-30,-50,0,1399
1531,-30,-53,0,1398
1532,-30,-53,0,1398
1533,-30,-55,0,1397
1534,-30,-55,0,1397
1535,-30,-57,0,1396
1536,-30,-57,0,1396
1537,-30,-59,0,1395
1538,-30,-60,0,1394
1539,-30,-60,0,1394
1540,-30,-62,0,1393
1541,-30,-64,0,1392
1542,-30,-64,0,1392
1543,-30,-65,0,1391
1544,-30,-66,0,1390
1545,-30,-66,0,1390
1546,-30,-68,0,1389
1547,-30,-68,0,1388
1548,-30,-68,0,1388
1549,-30,-69,0,1387
1550,-30,-71,0,1386
1551,-30,-71,0,1385
1552,-30,-71,0,1385
1553,-30,-72,0,1384
1554,-30,-74,0,1383
1555,-30,-74,0,1383
1556,-30,-74,0,1382
1557,-30,-75,0,1381
1558,-30,-76,0,1380
1559,-30,-76,0,1379
1560,-30,-76,0,1379
1561,-30,-77,0,1378
1562,-30,-79,0,1377
1563,-30,-78,0,1376
1564,-30,-78,0,1376
1565,-30,-79,0,1375
1566,-30,-80,0,1374
1567,-30,-80,0,1373
1568,-30,-80,0,1372
1569,-30,-82,0,1371
1570,-30,-82,0,1371
1571,-30,-82,0,1371
1572,-30,-82,0,1369
1573,-30,-83,0,1368
1574,-30,-83,0,1367
1575,-30,-83,0,1366
1576,-30,-83,0,1366
1577,-30,-85,0,1365
1578,-30,-84,0,1364
1579,-30,-85,0,1363
1580,-30,-86,0,1362
1581,-30,-86,0,1361
1582,-30,-86,0,1360
1583,-30,-86,0,1360
1584,-30,-87,0,1359
1585,-30,-87,0,1358
1586,-30,-87,0,1357
1587,-30,-88,0,1356
1588,-30,-87,0,1355
1589,-30,-88,0,1354
1590,-30,-89,0,1353
1591,-30,-89,0,1353
1592,-30,-89,0,1352
1593,-30,-88,0,1351
1594,-30,-90,0,1350
1595,-30,-89,0,1349
1596,-30,-89,0,1348
1597,-30,-91,0,1347
1598,-30,-90,0,1346
1599,-30,-90,0,1345
1600,-30,-91,0,1344
1601,-30,-91,0,1343
1602,-30,-91,0,1343
1603,-30,-91,0,1342
1604,-30,-92,0,1341
1605,-30,-91,0,1340
1606,-30,-91,0,1339
1607,-30,-93,0,1338
1608,-30,-92,0,1337
1609,-30,-92,0,1336
1610,-30,-93,0,1335
1611,-30,-93,0,1334
1612,-30,-92,0,1333
1613,-30,-94,0,1332
1614,-30,-93,0,1331
1615,-30,-93,0,1330
1616,-30,-93,0,1330
1617,-30,-94,0,1329
1618,-30,-93,0,1328
1619,-30,-93,0,1327
1620,-30,-95,0,1326
1621,-30,-94,0,1325
1622,-30,-94,0,1324
1623,-30,-95,0,1323
1624,-30,-94,0,1322
1625,-30,-94,0,1321
1626,-30,-95,0,1320
1627,-30,-95,0,1319
1628,-30,-94,0,1318
1629,-30,-96,0,1317
1630,-30,-95,0,1316
1631,-30,-94,0,1315
1632,-30,-96,0,1314
1633,-30,-95,0,1313
1634,-30,-95,0,1312
1635,-30,-96,0,1311
1636,-30,-95,0,1310
1637,-30,-95,0,1310
1638,-30,-95,0,1309
1639,-30,-97,0,1308
1640,-30,-96,0,1307
1641,-30,-95,0,1306
1642,-30,-97,0,1305
1643,-30,-96,0,1304
1644,-30,-95,0,1303
1645,-30,-97,0,1302
1646,-30,-96,0,1301
1647,-30,-96,0,1300
1648,-30,-97,0,1299
1649,-30,-96,0,1298
1650,-30,-96,0,1297
1651,-30,-97,0,1296
1652,-30,-96,0,1295
1653,-30,-96,0,1294
1654,-30,-97,0,1293
1655,-30,-97,0,1292
1656,-30,-96,0,1291
1657,-30,-98,0,1290
1658,-30,-97,0,1289
1659,-30,-96,0,1288
1660,-30,-98,0,1287
1661,-30,-97,0,1286
1662,-30,-97,0,1285
1663,-30,-98,0,1284
1664,-30,-97,0,1283
1665,-30,-97,0,1282
1666,-30,-98,0,1281
1667,-30,-97,0,1280
1668,-30,-97,0,1279
1669,-30,-98,0,1278
1670,-30,-97,0,1277
1671,-30,-97,0,1276
1672,-30,-98,0,1275
1673,-30,-97,0,1274
1674,-30,-97,0,1273
1675,-30,-98,0,1272
1676,-30,-98,0,1272
1677,-30,-97,0,1271
1678,-30,-97,0,1270
1679,-30,-98,0,1269
1680,-30,-98,0,1268
1681,-30,-97,0,1267
1682,-30,-99,0,1266
1683,-30,-98,0,1265
1684,-30,-97,0,1264
1685,-30,-99,0,1263
1686,-30,-98,0,1262
1687,-80,-97,0,1261
1688,-80,-99,0,1260
1689,-80,-104,0,1259
1690,-80,-122,0,1257
1691,-80,-128,0,1256
1692,-80,-134,0,1255
1693,-80,-145,0,1253
1694,-80,-149,0,1252
1695,-80,-157,0,1250
1696,-80,-165,0,1248
1697,-80,-165,0,1248
1698,-80,-173,0,1245
1699,-80,-176,0,1243
1700,-80,-181,0,1241
1701,-80,-182,0,1240
1702,-80,-186,0,1238
1703,-80,-191,0,1236
1704,-80,-191,0,1234
1705,-80,-195,0,1232
1706,-80,-200,0,1230
1707,-80,-199,0,1228
1708,-80,-202,0,1226
1709,-80,-205,0,1224
1710,-80,-204,0,1222
1711,-80,-207,0,1220
1712,-80,-209,0,1217
1713,-80,-212,0,1215
1714,-80,-210,0,1213
1715,-80,-212,0,1211
1716,-80,-215,0,1209
1717,-80,-214,0,1207
1718,-80,-215,0,1205
1719,-80,-217,0,1202
1720,-80,-219,0,1200
1721,-80,-217,0,1198
1722,-80,-218,0,1196
1723,-80,-221,0,1194
1724,-80,-219,0,1192
1725,-80,-219,0,1189
1726,-80,-221,0,1187
1727,-80,-224,0,1185
1728,-80,-221,0,1183
1729,-80,-222,0,1180
1730,-80,-222,0,1178
1731,-80,-225,0,1176
1732,-80,-223,0,1174
1733,-80,-223,0,1171
1734,-80,-224,0,1169
1735,-80,-226,0,1167
1736,-80,-224,0,1165
1737,-80,-224,0,1162
1738,-80,-225,0,1160
1739,-80,-227,0,1158
1740,-80,-224,0,1156
1741,-80,-225,0,1153
1742,-80,-226,0,1151
1743,-80,-228,0,1149
1744,-80,-225,0,1147
1745,-80,-226,0,1144
1746,-80,-226,0,1142
1747,-80,-229,0,1140
1748,-80,-229,0,1137
1749,-80,-226,0,1135
1750,-80,-227,0,1133
1751,-80,-228,0,1131
1752,-80,-229,0,1128
1753,-80,-226,0,1126
1754,-80,-227,0,1124
1755,-80,-227,0,1121
1756,-80,-229,0,1119
1757,-80,-226,0,1117
1758,-80,-227,0,1115
1759,-80,-228,0,1112
1760,-80,-229,0,1110
1761,-80,-227,0,1108
1762,-80,-227,0,1105
1763,-80,-227,0,1103
1764,-80,-230,0,1101
1765,-80,-227,0,1099
1766,-80,-227,0,1096
1767,-80,-228,0,1094
1768,-80,-230,0,1092
1769,-80,-230,0,1089
1770,-80,-227,0,1087
1771,-80,-228,0,1085
1772,-80,-230,0,1083
1773,-80,-230,0,1080
1774,-80,-227,0,1078
1775,-80,-228,0,1076
1776,-80,-228,0,1073
1777,-80,-229,0,1071
1778,-80,-227,0,1069
1779,-80,-227,0,1067
1780,-80,-227,0,1064
1781,-80,-229,0,1062
1782,-80,-227,0,1060
1783,-80,-227,0,1057
1784,-80,-228,0,1055
1785,-80,-230,0,1053
1786,-80,-227,0,1051
1787,-80,-227,0,1048
1788,-80,-228,0,1046
1789,-80,-230,0,1044
1790,-80,-230,0,1041
1791,-80,-227,0,1039
1792,-80,-228,0,1037
1793,-80,-230,0,1035
1794,-80,-230,0,1032
1795,-80,-227,0,1030
1796,-80,-228,0,1028
1797,-80,-228,0,1025
1798,-80,-229,0,1023
1799,-80,-227,0,1021
1800,-80,-227,0,1019
1801,-80,-228,0,1016
1802,-80,-230,0,1014
1803,-80,-227,0,1012
1804,-80,-227,0,1009
1805,-80,-227,0,1007
1806,-80,-230,0,1005
1807,-80,-227,0,1003
1808,-80,-227,0,1000
1809,-80,-227,0,998
1810,-80,-230,0,996
1811,-80,-230,0,993
1812,-80,-227,0,991
1813,-80,-227,0,989
1814,-80,-227,0,986
1815,-80,-230,0,984
1816,-80,-227,0,982
1817,-80,-227,0,980
1818,-80,-228,0,977
1819,-80,-230,0,975
1820,-80,-227,0,973
1821,-80,-227,0,971
1822,-80,-227,0,968
1823,-80,-229,0,966
1824,-80,-227,0,964
1825,-80,-227,0,961
1826,-80,-227,0,959
1827,-80,-229,0,957
1828,-80,-229,0,954
1829,-80,-227,0,952
1830,-80,-228,0,950
1831,-80,-230,0,948
1832,-80,-230,0,945
1833,-80,-227,0,943
1834,-80,-228,0,941
1835,-80,-228,0,938
1836,-80,-230,0,936
1837,-80,-227,0,934
1838,-80,-227,0,932
1839,-80,-228,0,929
1840,-80,-229,0,927
1841,-80,-227,0,925
1842,-80,-227,0,922
1843,-80,-228,0,920
1844,-80,-230,0,918
1845,-80,-227,0,916
1846,-80,-227,0,913
1847,-80,-227,0,911
1848,-80,-230,0,909
1849,-80,-229,0,906
1850,-80,-227,0,904
1851,-80,-228,0,902
1852,-80,-230,0,900
1853,-80,-229,0,897
1854,-80,-227,0,895
1855,-80,-228,0,893
1856,-80,-228,0,890
1857,-80,-230,0,888
1858,-80,-227,0,886
1859,-80,-227,0,884
1860,-80,-227,0,881
1861,-80,-230,0,879
1862,-80,-227,0,877
1863,-80,-227,0,874
1864,-80,-228,0,872
1865,-80,-230,0,870
1866,-80,-227,0,868
1867,-80,-227,0,865
1868,-80,-227,0,863
1869,-80,-230,0,861
1870,-80,-230,0,861
1871,-80,-227,0,856
1872,-80,-228,0,854
1873,-80,-229,0,852
1874,-80,-229,0,849
1875,-80,-227,0,847
1876,-80,-227,0,845
1877,-80,-228,0,842
1878,-80,-230,0,840
1879,-80,-227,0,838
1880,-80,-227,0,836
1881,-80,-228,0,833
1882,-80,-230,0,831
1883,-80,-227,0,829
1884,-80,-227,0,826
1885,-80,-228,0,824
1886,-80,-230,0,822
1887,-50,-227,0,820
1888,-50,-226,0,817
1889,-50,-225,0,815
1890,-50,-226,0,813
1891,-50,-224,0,810
1892,-50,-220,0,808
1893,-50,-219,0,806
1894,-50,-220,0,804
1895,-50,-216,0,802
1896,-50,-216,0,800
1897,-50,-215,0,797
1898,-50,-215,0,795
1899,-50,-211,0,793
1900,-50,-211,0,791
1901,-50,-212,0,789
1902,-50,-209,0,787
1903,-50,-209,0,785
1904,-50,-209,0,783
1905,-50,-208,0,780
1906,-50,-204,0,778
1907,-50,-204,0,776
1908,-50,-206,0,774
1909,-50,-202,0,772
1910,-50,-202,0,770
1911,-50,-203,0,768
1912,-50,-200,0,766
1913,-50,-200,0,764
1914,-50,-201,0,762
1915,-50,-198,0,760
1916,-50,-198,0,758
1917,-50,-199,0,756
1918,-50,-196,0,754
1919,-50,-196,0,752
1920,-50,-198,0,750
1921,-50,-194,0,748
1922,-50,-194,0,746
1923,-50,-196,0,744
1924,-50,-193,0,742
1925,-50,-196,0,741
1926,-50,-193,0,739
1927,-50,-192,0,737
1928,-50,-194,0,735
1929,-50,-191,0,733
1930,-50,-191,0,731
1931,-50,-193,0,729
1932,-50,-190,0,727
1933,-50,-190,0,725
1934,-50,-191,0,723
1935,-50,-189,0,721
1936,-50,-189,0,719
1937,-50,-191,0,717
1938,-50,-189,0,716
1939,-50,-190,0,714
1940,-50,-187,0,712
1941,-50,-188,0,710
1942,-50,-189,0,708
1943,-50,-187,0,706
1944,-50,-187,0,704
1945,-50,-189,0,702
1946,-50,-186,0,700
1947,-50,-189,0,699
1948,-50,-186,0,697
1949,-50,-186,0,695
1950,-50,-188,0,693
1951,-50,-185,0,691
1952,-50,-186,0,689
1953,-50,-188,0,687
1954,-50,-186,0,686
1955,-50,-187,0,684
1956,-50,-185,0,682
1957,-50,-185,0,680
1958,-50,-187,0,678
1959,-50,-184,0,676
1960,-50,-185,0,674
1961,-50,-186,0,672
1962,-50,-185,0,671
1963,-50,-186,0,669
1964,-50,-184,0,667
1965,-50,-184,0,665
1966,-50,-186,0,663
1967,-50,-183,0,661
1968,-50,-184,0,659
1969,-50,-184,0,658
1970,-50,-184,0,656
1971,-50,-185,0,654
1972,-50,-183,0,652
1973,-50,-184,0,650
1974,-50,-185,0,648
1975,-50,-184,0,647
1976,-50,-185,0,645
1977,-50,-183,0,643
1978,-50,-184,0,641
1979,-50,-185,0,639
1980,-50,-183,0,637
1981,-50,-185,0,636
1982,-50,-183,0,634
1983,-50,-183,0,632
1984,-50,-184,0,630
1985,-50,-182,0,628
1986,-50,-183,0,626
1987,-50,-184,0,624
1988,-50,-183,0,623
1989,-50,-184,0,621
1990,-50,-182,0,619
1991,-50,-183,0,617
1992,-50,-185,0,615
1993,-50,-182,0,613
1994,-50,-184,0,612
1995,-50,-182,0,610
1996,-50,-183,0,608
1997,-50,-184,0,606
1998,-50,-182,0,604
1999,-50,-182,0,604
2000,-50,-182,0,601
2001,-50,-182,0,599
2002,-50,-184,0,597
2003,-50,-182,0,595
2004,-50,-182,0,593
2005,-50,-184,0,591
2006,-50,-182,0,590
2007,-50,-184,0,588
2008,-50,-181,0,586
2009,-50,-182,0,584
2010,-50,-183,0,582
2011,-50,-181,0,580
2012,-50,-184,0,579
2013,-50,-181,0,577
2014,-50,-182,0,575
2015,-50,-184,0,573
2016,-50,-181,0,571
2017,-50,-183,0,570
2018,-50,-181,0,568
2019,-50,-182,0,566
2020,-50,-183,0,564
2021,-50,-181,0,562
2022,-50,-182,0,560
2023,-50,-181,0,559
2024,-50,-182,0,557
2025,-50,-183,0,555
2026,-50,-181,0,553
2027,-50,-182,0,551
2028,-50,-183,0,549
2029,-50,-182,0,548
2030,-50,-183,0,546
2031,-50,-181,0,544
2032,-50,-182,0,542
2033,-50,-183,0,540
2034,-50,-181,0,538
2035,-50,-183,0,537
2036,-50,-181,0,535
2037,-50,-181,0,533
2038,-50,-183,0,531
2039,-50,-181,0,529
2040,-50,-183,0,528
2041,-50,-181,0,526
2042,-50,-181,0,524
2043,-50,-183,0,522
2044,-50,-181,0,520
2045,-50,-182,0,518
2046,-50,-181,0,517
2047,-50,-181,0,515
2048,-50,-183,0,513
2049,-50,-181,0,511
2050,-50,-182,0,509
2051,-50,-183,0,507
2052,-50,-181,0,506
2053,-50,-183,0,504
2054,-50,-180,0,502
2055,-50,-182,0,500
2056,-50,-183,0,498
2057,-50,-181,0,497
2058,-50,-183,0,495
2059,-50,-181,0,493
2060,-50,-182,0,491
2061,-50,-183,0,489
2062,-50,-181,0,487
2063,-50,-183,0,486
2064,-50,-181,0,484
2065,-50,-181,0,482
2066,-50,-183,0,480
2067,-50,-181,0,478
2068,-50,-182,0,476
2069,-50,-181,0,475
2070,-50,-182,0,473
2071,-50,-183,0,471
2072,-50,-181,0,469
2073,-50,-181,0,467
2074,-50,-183,0,465
2075,-50,-181,0,464
2076,-50,-183,0,462
2077,-50,-181,0,460
2078,-50,-182,0,458
2079,-50,-183,0,456
2080,-50,-182,0,455
2081,-50,-183,0,453
2082,-50,-181,0,451
2083,-50,-182,0,449
2084,-50,-183,0,447
2085,-50,-181,0,445
2086,-50,-183,0,444
2087,-70,-181,0,442
2088,-70,-182,0,440
2089,-70,-186,0,438
2090,-70,-186,0,436
2091,-70,-189,0,434
2092,-70,-192,0,432
2093,-70,-191,0,430
2094,-70,-194,0,429
2095,-70,-194,0,427
2096,-70,-196,0,425
2097,-70,-199,0,423
2098,-70,-197,0,421
2099,-70,-199,0,419
2100,-70,-202,0,417
2101,-70,-200,0,415
2102,-70,-202,0,413
2103,-70,-205,0,411
2104,-70,-206,0,408
2105,-70,-204,0,406
2106,-70,-206,0,404
2107,-70,-208,0,402
2108,-70,-206,0,400
2109,-70,-207,0,398
2110,-70,-210,0,396
2111,-70,-208,0,394
2112,-70,-209,0,392
2113,-70,-211,0,390
2114,-70,-209,0,388
2115,-70,-210,0,385
2116,-70,-210,0,383
2117,-70,-213,0,381
2118,-70,-210,0,379
2119,-70,-212,0,377
2120,-70,-214,0,375
2121,-70,-211,0,373
2122,-70,-213,0,371
2123,-70,-213,0,368
2124,-70,-215,0,366
2125,-70,-213,0,364
2126,-70,-213,0,362
2127,-70,-215,0,360
2128,-70,-213,0,358
2129,-70,-214,0,356
2130,-70,-215,0,353
2131,-70,-216,0,351
2132,-70,-214,0,349
2133,-70,-215,0,347
2134,-70,-217,0,345
2135,-70,-214,0,343
2136,-70,-215,0,340
2137,-70,-215,0,338
2138,-70,-218,0,336
2139,-70,-215,0,334
2140,-70,-215,0,332
2141,-70,-218,0,330
2142,-70,-218,0,327
2143,-70,-215,0,325
2144,-70,-216,0,323
2145,-70,-218,0,321
2146,-70,-215,0,319
2147,-70,-216,0,317
2148,-70,-216,0,314
2149,-70,-218,0,312
2150,-70,-216,0,310
2151,-70,-216,0,308
2152,-70,-218,0,306
2153,-70,-215,0,304
2154,-70,-216,0,301
2155,-70,-216,0,299
2156,-70,-219,0,297
2157,-70,-215,0,295
2158,-70,-217,0,293
2159,-70,-217,0,290
2160,-70,-218,0,288
2161,-70,-216,0,286
2162,-70,-217,0,284
2163,-70,-219,0,282
2164,-70,-216,0,280
2165,-70,-215,0,277
2166,-70,-217,0,275
2167,-70,-219,0,273
2168,-70,-216,0,271
2169,-70,-217,0,269
2170,-70,-219,0,267
2171,-70,-219,0,264
2172,-70,-216,0,262
2173,-70,-217,0,260
2174,-70,-219,0,258
2175,-70,-216,0,256
2176,-70,-216,0,253
2177,-70,-217,0,251
2178,-70,-219,0,249
2179,-70,-216,0,247
2180,-70,-217,0,245
2181,-70,-219,0,243
2182,-70,-219,0,240
2183,-70,-216,0,238
2184,-70,-217,0,236
2185,-70,-219,0,234
2186,-70,-216,0,232
2187,-70,-216,0,229
2188,-70,-217,0,227
2189,-70,-219,0,225
2190,-70,-216,0,223
2191,-70,-217,0,221
2192,-70,-219,0,219
2193,-70,-219,0,216
2194,-70,-216,0,214
2195,-70,-217,0,212
2196,-70,-219,0,210
2197,-70,-216,0,208
2198,-70,-216,0,205
2199,-70,-217,0,203
2200,-70,-219,0,201
2201,-70,-216,0,199
2202,-70,-217,0,197
2203,-70,-219,0,195
2204,-70,-219,0,192
2205,-70,-216,0,190
2206,-70,-217,0,188
2207,-70,-219,0,186
2208,-70,-216,0,184
2209,-70,-216,0,181
2210,-70,-217,0,179
2211,-70,-219,0,177
2212,-70,-216,0,175
2213,-70,-217,0,173
2214,-70,-219,0,171
2215,-70,-219,0,168
2216,-70,-216,0,166
2217,-70,-217,0,164
2218,-70,-219,0,162
2219,-70,-216,0,160
2220,-70,-216,0,157
2221,-70,-217,0,155
2222,-70,-219,0,153
2223,-70,-216,0,151
2224,-70,-217,0,149
2225,-70,-219,0,147
2226,-70,-219,0,144
2227,-70,-216,0,142
2228,-70,-217,0,140
2229,-70,-219,0,138
2230,-70,-216,0,136
2231,-70,-216,0,133
2232,-70,-217,0,131
2233,-70,-219,0,129
2234,-70,-216,0,127
2235,-70,-216,0,125
2236,-70,-219,0,123
2237,-70,-219,0,120
2238,-70,-216,0,118
2239,-70,-217,0,116
2240,-70,-219,0,114
2241,-70,-216,0,112
2242,-70,-216,0,109
2243,-70,-217,0,107
2244,-70,-219,0,105
2245,-70,-216,0,103
2246,-70,-217,0,101
2247,-70,-219,0,99
2248,-70,-219,0,96
2249,-70,-216,0,94
2250,-70,-217,0,92
2251,-70,-217,0,92
2252,-70,-216,0,88
2253,-70,-216,0,85
2254,-70,-217,0,83
2255,-70,-219,0,81
2256,-70,-216,0,79
2257,-70,-217,0,77
2258,-70,-219,0,75
2259,-70,-219,0,72
2260,-70,-216,0,70
2261,-70,-217,0,68
2262,-70,-219,0,66
2263,-70,-216,0,64
2264,-70,-216,0,61
2265,-70,-217,0,59
2266,-70,-219,0,57
2267,-70,-216,0,55
2268,-70,-217,0,53
2269,-70,-219,0,51
2270,-70,-219,0,48
2271,-70,-216,0,46
2272,-70,-217,0,44
2273,-70,-219,0,42
2274,-70,-216,0,40
2275,-70,-216,0,37
2276,-70,-217,0,35
2277,-70,-219,0,33
2278,-70,-216,0,31
2279,-70,-217,0,29
2280,-70,-219,0,27
2281,-70,-219,0,24
2282,-70,-216,0,22
2283,-70,-217,0,20
2284,-70,-219,0,18
2285,-70,-216,0,16
2286,-70,-216,0,13
2287,0,-217,0,11
2288,0,-213,0,9
2289,0,-207,0,7
2290,0,-206,0,5
2291,0,-204,0,3
2292,0,-199,0,1
2293,0,-197,0,-1
2294,0,-196,0,-3
2295,0,-190,0,-5
2296,0,-187,0,-7
2297,0,-186,0,-9
2298,0,-183,0,-10
2299,0,-182,0,-12
2300,0,-176,0,-14
2301,0,-174,0,-16
2302,0,-172,0,-18
2303,0,-169,0,-19
2304,0,-167,0,-21
2305,0,-162,0,-23
2306,0,-162,0,-24
2307,0,-156,0,-26
2308,0,-157,0,-27
2309,0,-151,0,-29
2310,0,-151,0,-30
2311,0,-146,0,-32
2312,0,-146,0,-33
2313,0,-140,0,-35
2314,0,-140,0,-36
2315,0,-137,0,-37
2316,0,-134,0,-39
2317,0,-131,0,-40
2318,0,-129,0,-41
2319,0,-125,0,-43
2320,0,-122,0,-44
2321,0,-121,0,-45
2322,0,-118,0,-46
2323,0,-115,0,-47
2324,0,-115,0,-48
2325,0,-108,0,-50
2326,0,-107,0,-51
2327,0,-104,0,-52
2328,0,-101,0,-53
2329,0,-100,0,-54
2330,0,-96,0,-55
2331,0,-93,0,-56
2332,0,-92,0,-57
2333,0,-92,0,-57
2334,0,-88,0,-58
2335,0,-85,0,-59
2336,0,-83,0,-60
2337,0,-79,0,-61
2338,0,-79,0,-61
2339,0,-75,0,-62
2340,0,-73,0,-63
2341,0,-69,0,-64
2342,0,-69,0,-64
2343,0,-65,0,-65
2344,0,-62,0,-66
2345,0,-62,0,-66
2346,0,-58,0,-67
2347,0,-58,0,-67
2348,0,-53,0,-68
2349,0,-53,0,-68
2350,0,-49,0,-69
2351,0,-49,0,-69
2352,0,-43,0,-70
2353,0,-43,0,-70
2354,0,-43,0,-70
2355,0,-37,0,-71
2356,0,-37,0,-71
2357,0,-37,0,-71
2358,0,-31,0,-72
2359,0,-31,0,-72
2360,0,-31,0,-72
2361,0,-31,0,-72
2362,0,-31,0,-72
2363,0,-22,0,-73
2364,0,-22,0,-73
2365,0,-22,0,-73
2366,0,-22,0,-73
2367,0,-22,0,-73
2368,0,-22,0,-73
2369,0,-22,0,-73
2370,0,-22,0,-73
2371,0,-22,0,-73
2372,0,-22,0,-73
2373,0,0,0,-73
2374,0,0,0,-73
2375,0,0,0,-73
2376,0,0,0,-73
2377,0,0,0,-73
2378,0,0,0,-73
2379,0,0,0,-73
2380,0,0,0,-73
2381,0,0,0,-73
2382,0,0,0,-73
2383,0,0,0,-73
2384,0,0,0,-73
2385,0,0,0,-73
2386,0,0,0,-73
2387,0,0,0,-73
2388,0,0,0,-73
2389,0,0,0,-73
2390,0,0,0,-73
2391,0,0,0,-73
2392,0,0,0,-73
2393,0,0,0,-73
2394,0,0,0,-73
2395,0,0,0,-73
2396,0,0,0,-73
2397,0,0,0,-73
2398,0,0,0,-73
2399,0,0,0,-73
2400,0,0,0,-73
2401,0,0,0,-73
2402,0,0,0,-73
2403,0,0,0,-73
2404,0,0,0,-73
2405,0,0,0,-73
2406,0,0,0,-73
2407,0,0,0,-73
2408,0,0,0,-73
2409,0,0,0,-73
2410,0,0,0,-73
2411,0,0,0,-73
2412,0,0,0,-73
2413,0,0,0,-73
2414,0,0,0,-73
2415,0,0,0,-73
2416,0,0,0,-73
2417,0,0,0,-73
2418,0,0,0,-73
2419,0,0,0,-73
2420,0,0,0,-73
2421,0,0,0,-73
2422,0,0,0,-73
2423,0,0,0,-73
2424,0,0,0,-73
2425,0,0,0,-73
2426,0,0,0,-73
2427,0,0,0,-73
2428,0,0,0,-73
2429,0,0,0,-73
2430,0,0,0,-73
2431,0,0,0,-73
2432,0,0,0,-73
2433,0,0,0,-73
2434,0,0,0,-73
2435,0,0,0,-73
2436,0,0,0,-73
2437,0,0,0,-73
2438,0,0,0,-73
2439,0,0,0,-73
2440,0,0,0,-73
2441,0,0,0,-73
2442,0,0,0,-73
2443,0,0,0,-73
2444,0,0,0,-73
2445,0,0,0,-73
2446,0,0,0,-73
2447,0,0,0,-73
2448,0,0,0,-73
2449,0,0,0,-73
2450,0,0,0,-73
2451,0,0,0,-73
2452,0,0,0,-73
2453,0,0,0,-73
2454,0,0,0,-73
2455,0,0,0,-73
2456,0,0,0,-73
2457,0,0,0,-73
2458,0,0,0,-73
2459,0,0,0,-73
2460,0,0,0,-73
2461,0,0,0,-73
2462,0,0,0,-73
2463,0,0,0,-73
2464,0,0,0,-73
2465,0,0,0,-73
2466,0,0,0,-73
2467,0,0,0,-73
2468,0,0,0,-73
2469,0,0,0,-73
2470,0,0,0,-73
2471,0,0,0,-73
2472,0,0,0,-73
2473,0,0,0,-73
2474,0,0,0,-73
2475,0,0,0,-73
2476,0,0,0,-73
2477,0,0,0,-73
2478,0,0,0,-73
2479,0,0,0,-73
2480,0,0,0,-73
2481,0,0,0,-73
2482,0,0,0,-73
2483,0,0,0,-73
2484,0,0,0,-73
2485,0,0,0,-73
2486,0,0,0,-73
2487,0,0,0,-73
2488,0,0,0,-73
2489,0,0,0,-73
2490,0,0,0,-73
2491,0,0,0,-73
2492,0,0,0,-73
2493,0,0,0,-73
2494,0,0,0,-73
2495,0,0,0,-73
2496,0,0,0,-73
2497,0,0,0,-73
2498,0,0,0,-73
2499,0,0,0,-73
2500,0,0,0,-73
2501,0,0,0,-73
2502,0,0,0,-73
2503,0,0,0,-73
2504,0,0,0,-73
2505,0,0,0,-73
2506,0,0,0,-73
2507,0,0,0,-73
2508,0,0,0,-73
2509,0,0,0,-73
2510,0,0,0,-73
2511,0,0,0,-73
2512,0,0,0,-73
2513,0,0,0,-73
2514,0,0,0,-73
2515,0,0,0,-73
2516,0,0,0,-73
2517,0,0,0,-73
2518,0,0,0,-73
2519,0,0,0,-73
2520,0,0,0,-73
2521,0,0,0,-73
2522,0,0,0,-73
2523,0,0,0,-73
2524,0,0,0,-73
2525,0,0,0,-73
2526,0,0,0,-73
2527,0,0,0,-73
2528,0,0,0,-73
2529,0,0,0,-73
2530,0,0,0,-73
2531,0,0,0,-73
2532,0,0,0,-73
2533,0,0,0,-73
2534,0,0,0,-73
2535,0,0,0,-73
2536,0,0,0,-73
2537,0,0,0,-73
2538,0,0,0,-73
2539,0,0,0,-73
2540,0,0,0,-73
2541,0,0,0,-73
2542,0,0,0,-73
2543,0,0,0,-73
2544,0,0,0,-73
2545,0,0,0,-73
2546,0,0,0,-73
2547,0,0,0,-73
2548,0,0,0,-73
2549,0,0,0,-73
2550,0,0,0,-73
2551,0,0,0,-73
2552,0,0,0,-73
2553,0,0,0,-73
2554,0,0,0,-73
2555,0,0,0,-73
2556,0,0,0,-73
2557,0,0,0,-73
2558,0,0,0,-73
2559,0,0,0,-73
2560,0,0,0,-73
2561,0,0,0,-73
2562,0,0,0,-73
2563,0,0,0,-73
2564,0,0,0,-73
2565,0,0,0,-73
2566,0,0,0,-73
2567,0,0,0,-73
2568,0,0,0,-73
2569,0,0,0,-73
2570,0,0,0,-73
2571,0,0,0,-73
2572,0,0,0,-73
2573,0,0,0,-73
2574,0,0,0,-73
2575,0,0,0,-73
2576,0,0,0,-73
2577,0,0,0,-73
2578,0,0,0,-73
2579,0,0,0,-73
2580,0,0,0,-73
2581,0,0,0,-73
2582,0,0,0,-73
2583,0,0,0,-73
2584,0,0,0,-73
2585,0,0,0,-73
2586,0,0,0,-73
2587,0,0,0,-73
2588,0,0,0,-73
2589,0,0,0,-73
2590,0,0,0,-73
2591,0,0,0,-73
2592,0,0,0,-73
2593,0,0,0,-73
2594,0,0,0,-73
2595,0,0,0,-73
2596,0,0,0,-73
2597,0,0,0,-73
2598,0,0,0,-73
2599,0,0,0,-73
2600,0,0,0,-73
2601,0,0,0,-73
2602,0,0,0,-73
2603,0,0,0,-73
2604,0,0,0,-73
2605,0,0,0,-73
2606,0,0,0,-73
2607,0,0,0,-73
2608,0,0,0,-73
2609,0,0,0,-73
2610,0,0,0,-73
2611,0,0,0,-73
2612,0,0,0,-73
2613,0,0,0,-73
2614,0,0,0,-73
2615,0,0,0,-73
2616,0,0,0,-73
2617,0,0,0,-73
2618,0,0,0,-73
2619,0,0,0,-73
2620,0,0,0,-73
2621,0,0,0,-73
2622,0,0,0,-73
2623,0,0,0,-73
2624,0,0,0,-73
2625,0,0,0,-73
2626,0,0,0,-73
2627,0,0,0,-73
2628,0,0,0,-73
2629,0,0,0,-73
2630,0,0,0,-73
2631,0,0,0,-73
2632,0,0,0,-73
2633,0,0,0,-73
2634,0,0,0,-73
2635,0,0,0,-73
2636,0,0,0,-73
2637,0,0,0,-73
2638,0,0,0,-73
2639,0,0,0,-73
2640,0,0,0,-73
2641,0,0,0,-73
2642,0,0,0,-73
2643,0,0,0,-73
2644,0,0,0,-73
2645,0,0,0,-73
2646,0,0,0,-73
2647,0,0,0,-73
2648,0,0,0,-73
2649,0,0,0,-73
2650,0,0,0,-73
